Otavio Oliveira;98274581279;15/07/1988;2129.91
Sandra Oliveira;23924930209;03/05/2015;DEPENDENTE
Fernanda Ferreira;30869053408;13/12/2016;FILHO
Yara Pereira;84442075978;16/12/2011;FILHO

Daniela Alves;72273954453;19/03/1976;10163.42
Larissa Oliveira;09401011189;31/12/2023;SOBRINHO
Gabriel Teixeira;45867529761;01/03/2022;DEPENDENTE
Paula Santos;94303775997;20/11/2012;SOBRINHO
Ursula Teixeira;12177877978;31/05/2011;DEPENDENTE

Helena Ribeiro;08932609261;06/06/1961;3144.34

Igor Costa;94798376305;13/11/1991;6882.56
Fernanda Souza;49728283981;28/05/2012;DEPENDENTE

Carlos Silva;70625876359;03/01/1960;13546.33
Helena Teixeira;64162939495;13/09/2009;SOBRINHO
Marcos Oliveira;74862744740;22/10/2012;SOBRINHO
Sandra Ribeiro;16910099258;24/10/2023;DEPENDENTE
Zeca Silva;09531071931;09/11/2018;DEPENDENTE

Vinicius Silva;67133490978;07/05/1999;7671.55
Carlos Santos;59254210045;22/04/2022;FILHO

Daniela Teixeira;88203886501;02/07/1992;7596.03
Ana Ribeiro;78023640447;09/07/2007;FILHO
Helena Gomes;51052803347;03/09/2008;FILHO

Helena Martins;15542895974;03/06/1994;6413.71
Vinicius Ribeiro;08932609261;02/04/2009;DEPENDENTE

Eduardo Rodrigues;74169319138;20/11/1969;14144.67
Zeca Ferreira;24933505402;04/04/2014;DEPENDENTE
Paula Silva;36353198895;08/02/2016;SOBRINHO
Otavio Gomes;95672552380;19/12/2011;FILHO

Marcos Pereira;68259601852;08/08/2000;2504.07
Ana Souza;16318096781;14/01/2007;SOBRINHO
Natalia Santos;68198264494;08/09/2014;SOBRINHO
Paula Ribeiro;87053367217;27/01/2023;DEPENDENTE

Ana Santos;64618809458;17/05/1985;14014.98
Larissa Souza;14162857641;12/01/2017;SOBRINHO
Bruno Carvalho;97018035736;07/08/2008;FILHO
Zeca Ferreira;17078659749;25/06/2008;DEPENDENTE

Otavio Pereira;76066797496;21/05/1967;3225.1
Fernanda Silva;74039809979;05/07/2010;FILHO

Yara Costa;14162857641;04/05/1961;11614.87
Daniela Pereira;01270465588;17/05/2022;FILHO
Helena Ferreira;64577767677;30/01/2016;FILHO
Kevin Costa;64622498979;04/03/2010;SOBRINHO

Zeca Carvalho;88203886501;30/12/1968;5576.81
Larissa Lima;56560991471;30/06/2018;FILHO
Eduardo Carvalho;79365854108;09/04/2010;SOBRINHO
Yara Santos;24874937332;20/08/2012;FILHO
Sandra Teixeira;08596408678;10/02/2015;FILHO

Vinicius Ferreira;66845416049;18/07/1961;11012.18
Carlos Ferreira;83955122761;02/12/2009;DEPENDENTE

Otavio Souza;27477589532;11/08/1985;14344.59
Julia Martins;28846433182;28/09/2020;FILHO

Ricardo Gomes;23924930209;11/04/1990;2409.31

Fernanda Teixeira;71590871019;19/05/1989;3675.98
Vinicius Costa;68198264494;23/04/2007;SOBRINHO
Natalia Lima;95935878075;27/10/2010;DEPENDENTE

Paula Gomes;05223618098;09/09/1998;9698.43
Otavio Souza;59209624100;24/11/2023;FILHO
Eduardo Carvalho;74862744740;30/09/2021;SOBRINHO

Helena Alves;60424980435;28/02/1987;3059.6
Fernanda Rodrigues;47373139601;19/08/2019;DEPENDENTE

Ricardo Gomes;17748728926;26/09/1980;4996.32
Carlos Ribeiro;73112249307;01/06/2009;DEPENDENTE
Larissa Lima;43685029446;24/02/2018;FILHO
Igor Ferreira;41016587744;02/06/2006;FILHO
Wagner Lima;28846433182;04/11/2010;DEPENDENTE

Vinicius Lima;53114542331;17/06/1960;6811.34
Natalia Santos;79156733395;11/04/2020;SOBRINHO
Carlos Ferreira;27477589532;22/10/2016;DEPENDENTE
Fernanda Martins;08805471695;10/10/2010;SOBRINHO
Yara Teixeira;14410682818;15/05/2008;DEPENDENTE

Marcos Costa;70689821762;19/09/1965;7859.4
Thiago Carvalho;80528120835;12/11/2020;SOBRINHO
Yara Gomes;75878084967;04/06/2012;SOBRINHO
Ursula Silva;44201273095;05/03/2008;FILHO
Larissa Souza;93483940385;14/05/2011;SOBRINHO

Natalia Rodrigues;76066797496;19/01/1971;9367.49
Igor Martins;18696434408;25/09/2015;SOBRINHO

Gabriel Carvalho;96540106827;24/10/1982;13612.62
Larissa Lima;96540106827;28/07/2016;SOBRINHO
Paula Oliveira;88797801144;29/12/2011;DEPENDENTE

Ricardo Ferreira;14162857641;19/01/1997;11458.23
Marcos Costa;72273954453;08/01/2010;FILHO
Kevin Oliveira;68948475714;08/06/2016;FILHO
Otavio Silva;19572293808;18/05/2022;SOBRINHO

Zeca Santos;44201273095;17/09/1990;13227.2
Otavio Gomes;89528316246;13/12/2006;FILHO

Sandra Gomes;08805471695;01/07/1991;6268.91

Yara Oliveira;31311917164;20/02/1967;14316.22
Wagner Alves;68198264494;26/06/2016;FILHO
Daniela Alves;56560991471;28/05/2015;DEPENDENTE
Daniela Oliveira;08981679352;06/02/2018;DEPENDENTE
Daniela Pereira;89537846963;16/07/2006;SOBRINHO

Helena Ribeiro;92660306918;12/06/1973;8838.12

Ricardo Martins;95935878075;01/12/1976;9920.79
Ricardo Costa;76066797496;10/06/2023;FILHO
Paula Ribeiro;78239818541;14/04/2015;DEPENDENTE
Yara Oliveira;27477589532;27/03/2015;DEPENDENTE

Ana Lima;43123689357;07/04/1984;6659.52
Helena Ribeiro;64618809458;25/08/2019;DEPENDENTE
Vinicius Ferreira;08981679352;09/01/2007;SOBRINHO
Daniela Costa;08981679352;15/03/2017;SOBRINHO

Zeca Gomes;18471573649;06/04/1988;11265.99
Thiago Silva;92088767404;02/07/2019;SOBRINHO

Yara Rodrigues;23943516786;11/10/1987;10011.85
Paula Carvalho;27477589532;18/09/2021;SOBRINHO
Vinicius Costa;31605545210;21/07/2022;FILHO
Ricardo Martins;89982105515;18/03/2020;DEPENDENTE
Sandra Teixeira;67133490978;15/09/2020;SOBRINHO

Thiago Silva;47373139601;27/12/1978;13726.91
Gabriel Lima;64162939495;01/09/2006;DEPENDENTE
Paula Pereira;49699524343;12/12/2013;SOBRINHO

Yara Santos;59209624100;31/07/1990;14222.51
Paula Silva;22587933006;20/04/2005;DEPENDENTE

Yara Oliveira;44752965248;12/04/1995;3567.24

Zeca Carvalho;94798376305;26/09/1984;2650.19
Ricardo Gomes;44591405252;01/06/2012;FILHO
Ana Ferreira;72769120164;01/12/2020;DEPENDENTE

Kevin Oliveira;28077936544;09/07/1996;4350.9
Ana Souza;11738604173;13/06/2021;DEPENDENTE

Eduardo Ferreira;00735417378;03/05/1986;2913.0

Yara Pereira;56509777021;25/01/1972;10915.45
Julia Santos;15429210803;06/03/2015;SOBRINHO
Ana Pereira;96665417431;04/01/2016;SOBRINHO

Eduardo Ribeiro;14282489100;14/09/1987;4704.86
Ricardo Silva;72273954453;08/08/2010;DEPENDENTE
Zeca Costa;87053367217;24/08/2012;FILHO
Sandra Ferreira;97099557847;03/12/2018;FILHO

Larissa Gomes;47373139601;17/09/1974;7761.18

Otavio Ribeiro;21977962535;10/03/1993;7416.86
Daniela Silva;71776971734;11/08/2007;FILHO
Otavio Gomes;16109540553;01/04/2017;DEPENDENTE
Natalia Lima;68817472232;20/07/2014;SOBRINHO
Ursula Souza;09401011189;19/01/2014;DEPENDENTE

Marcos Lima;75878084967;29/04/1993;10373.51
Larissa Ribeiro;83095049684;20/07/2013;FILHO
Sandra Costa;30869053408;23/02/2009;SOBRINHO
Wagner Teixeira;68892496126;21/12/2015;DEPENDENTE
Kevin Souza;44752965248;06/12/2005;FILHO

Gabriel Costa;51052803347;23/10/1974;8556.62
Sandra Martins;52261546857;29/12/2008;FILHO
Kevin Ribeiro;92088767404;12/06/2016;FILHO
Kevin Rodrigues;53748917314;09/04/2009;DEPENDENTE

Sandra Souza;28846433182;15/02/1978;7356.2
Marcos Ribeiro;31638213043;20/02/2019;FILHO

Kevin Souza;64140358408;28/07/1998;9106.22
Fernanda Lima;17711566342;16/08/2010;FILHO
Yara Lima;81925983898;13/09/2008;SOBRINHO

Gabriel Lima;92088767404;25/03/1964;4892.72
Larissa Rodrigues;77345437132;28/02/2011;FILHO
Kevin Rodrigues;77616359704;24/05/2018;DEPENDENTE
Sandra Souza;77547075971;08/10/2007;DEPENDENTE

Natalia Teixeira;00191502907;05/09/1981;2691.01
Bruno Lima;75561892202;15/03/2005;DEPENDENTE
Sandra Martins;46456390184;22/06/2008;DEPENDENTE
Ursula Gomes;97018035736;04/02/2023;DEPENDENTE

Vinicius Ribeiro;70625876359;15/05/1969;11189.58

Daniela Carvalho;30610903853;27/09/1963;13971.82

Yara Ferreira;24933505402;19/05/1972;4407.76
Gabriel Martins;47824989696;11/12/2007;SOBRINHO

Thiago Souza;79365854108;15/10/1979;3848.8
Sandra Santos;16569176651;24/10/2019;DEPENDENTE
Julia Souza;12833064008;29/11/2008;DEPENDENTE

Bruno Lima;40265386599;30/07/1994;5619.0
Zeca Lima;21977962535;17/11/2011;SOBRINHO

Ursula Santos;77616359704;15/08/1966;5768.97
Wagner Rodrigues;64622498979;01/05/2006;FILHO

Yara Alves;30228518745;14/08/1983;6763.51
Gabriel Santos;28846433182;20/05/2023;FILHO

Bruno Carvalho;79125913951;28/01/1989;2245.18

Julia Pereira;68817472232;03/08/1991;14492.63
Eduardo Oliveira;13215452360;19/06/2011;DEPENDENTE
Julia Lima;27813131772;21/02/2020;SOBRINHO
Marcos Souza;08680475004;09/10/2012;FILHO
Otavio Ribeiro;26764004796;14/11/2016;DEPENDENTE

Paula Gomes;31605545210;04/11/1996;2473.02

Larissa Teixeira;65570372732;30/06/1968;13150.0
Julia Santos;24313033986;04/12/2016;FILHO
Wagner Lima;60468979241;15/04/2015;SOBRINHO
Ana Teixeira;82070694054;03/06/2008;SOBRINHO
Sandra Souza;33649431532;18/01/2006;DEPENDENTE

Helena Pereira;48750159411;17/09/1999;9165.68

Marcos Ferreira;46456390184;20/01/1974;2400.4
Bruno Gomes;96665417431;21/04/2008;DEPENDENTE
Ursula Rodrigues;17912247888;05/02/2009;DEPENDENTE
Eduardo Alves;44752965248;05/06/2011;FILHO

Thiago Rodrigues;72542766506;02/01/1986;6453.98
Otavio Souza;43685029446;10/10/2018;DEPENDENTE
Yara Santos;82655830538;25/04/2011;SOBRINHO

Ursula Santos;08435720465;21/02/1960;4788.5
Kevin Carvalho;30140249668;16/06/2015;FILHO
Helena Teixeira;72763689226;15/10/2023;SOBRINHO
Fernanda Oliveira;49163859859;31/01/2009;DEPENDENTE
Vinicius Carvalho;77716835150;31/03/2023;FILHO

Eduardo Alves;78380777868;27/06/1993;5003.35
Daniela Teixeira;89953769569;08/02/2006;FILHO
Thiago Teixeira;22587933006;14/05/2020;DEPENDENTE
Vinicius Costa;22988714767;19/06/2023;FILHO

Yara Silva;78239818541;21/05/1997;12852.11
Marcos Carvalho;93483940385;28/12/2008;SOBRINHO
Fernanda Ferreira;23662046013;17/09/2023;SOBRINHO

Gabriel Rodrigues;96297707310;12/03/1973;2899.74
Julia Ferreira;31638213043;31/10/2008;SOBRINHO
Paula Silva;08435720465;23/08/2019;FILHO
Gabriel Teixeira;16318096781;26/08/2019;SOBRINHO
Ricardo Martins;47824989696;28/02/2009;DEPENDENTE

Ana Santos;26532049242;16/05/1998;7000.21
Eduardo Ferreira;23318253421;22/06/2019;SOBRINHO
Fernanda Costa;43508526592;10/03/2019;DEPENDENTE
Thiago Carvalho;32159479969;29/07/2005;SOBRINHO

Otavio Lima;76395926415;29/07/1961;11539.34
Bruno Alves;39446783343;13/10/2016;DEPENDENTE
Wagner Martins;74862744740;10/04/2022;FILHO

Ursula Silva;44752965248;18/02/1969;10579.9
Wagner Teixeira;70689821762;17/07/2022;DEPENDENTE
Gabriel Silva;52261546857;26/01/2018;FILHO

Natalia Rodrigues;37980340428;15/01/1976;10997.52
Natalia Ferreira;33506164789;04/01/2009;DEPENDENTE
Thiago Lima;80528120835;03/02/2022;DEPENDENTE

Eduardo Ferreira;88203886501;13/05/1987;14158.79
Helena Oliveira;92088767404;09/03/2021;FILHO
Paula Lima;78684378658;31/05/2009;FILHO
Helena Gomes;27841873736;13/05/2008;FILHO

Larissa Teixeira;77716835150;30/06/1982;3126.95
Gabriel Costa;23617064016;25/02/2020;FILHO
Natalia Ribeiro;82070694054;28/09/2022;SOBRINHO
Ricardo Lima;16910099258;17/06/2013;SOBRINHO
Helena Ferreira;77547075971;18/07/2023;FILHO

Vinicius Carvalho;39446783343;22/08/1975;2084.63
Otavio Pereira;71324290298;20/02/2005;FILHO
Helena Gomes;08435720465;14/12/2006;SOBRINHO
Sandra Santos;68948475714;26/01/2010;FILHO

Yara Souza;17912247888;20/05/1966;9566.39
Gabriel Ribeiro;78380777868;06/08/2012;FILHO
Eduardo Silva;97099557847;23/10/2007;DEPENDENTE
Thiago Rodrigues;42629921727;29/03/2011;FILHO
Gabriel Pereira;23318253421;17/03/2005;FILHO

Ana Silva;30977016474;21/08/1984;13028.38
Kevin Alves;74169319138;24/10/2020;FILHO
Paula Costa;71279797444;05/01/2015;SOBRINHO
Wagner Silva;80528120835;24/06/2019;SOBRINHO

Ursula Souza;83095049684;15/06/1989;2369.43
Marcos Silva;66845416049;27/04/2008;SOBRINHO
Ursula Alves;89537846963;16/09/2018;SOBRINHO

Natalia Carvalho;49163859859;20/12/1995;6623.44
Fernanda Oliveira;03642754490;23/11/2013;SOBRINHO
Marcos Souza;71324290298;05/02/2007;DEPENDENTE
Daniela Ribeiro;49163859859;06/08/2007;SOBRINHO

Thiago Ferreira;15429210803;30/06/1970;10286.79
Ricardo Ferreira;00632352475;18/04/2014;SOBRINHO
Carlos Souza;45867529761;10/05/2019;FILHO
Julia Rodrigues;43685029446;04/06/2015;FILHO

Helena Oliveira;38833384962;06/05/1960;4692.36
Eduardo Souza;28456173675;30/10/2018;FILHO
Thiago Gomes;28077936544;19/12/2008;SOBRINHO

Vinicius Pereira;72273954453;16/11/1977;14407.86
Igor Pereira;47373139601;11/11/2023;SOBRINHO
Helena Rodrigues;08596408678;22/12/2020;SOBRINHO

Ricardo Oliveira;89537846963;10/03/1974;3779.34
Natalia Costa;26703362441;23/04/2012;FILHO
Yara Ferreira;56226955019;17/04/2012;SOBRINHO
Fernanda Costa;24933505402;04/11/2020;DEPENDENTE
Eduardo Pereira;59209624100;06/09/2021;DEPENDENTE

Gabriel Oliveira;48750159411;26/01/1965;13500.64
Larissa Gomes;05223618098;24/10/2018;DEPENDENTE
Natalia Carvalho;66589133445;16/06/2014;FILHO
Thiago Oliveira;24874937332;30/09/2021;DEPENDENTE

Helena Lima;15298311642;23/07/1991;5507.01

Larissa Carvalho;76395926415;22/04/1982;11608.25

Ana Lima;74862744740;13/07/1996;5581.4
Larissa Souza;43685029446;18/11/2017;SOBRINHO
Sandra Gomes;08647602695;10/09/2019;FILHO

Eduardo Martins;54420535552;16/05/1989;7231.9

Vinicius Oliveira;30228518745;19/01/1980;10812.18

Wagner Ribeiro;22587933006;13/08/1979;14477.97

Fernanda Rodrigues;02713693808;20/11/1992;5144.76
Larissa Souza;21390781542;07/11/2014;DEPENDENTE

Wagner Rodrigues;78023640447;29/12/1976;8926.91
Julia Alves;76135819887;24/08/2009;FILHO
Wagner Costa;73112249307;07/06/2011;SOBRINHO
Vinicius Ribeiro;51683872617;13/08/2016;DEPENDENTE

Bruno Carvalho;16318096781;12/02/1963;5629.87
Daniela Alves;78380777868;22/08/2014;SOBRINHO
Otavio Souza;68259601852;30/10/2008;SOBRINHO
Ricardo Santos;39446783343;16/10/2005;SOBRINHO
Vinicius Ribeiro;30977016474;12/10/2013;SOBRINHO

Wagner Santos;41016587744;14/02/1987;6960.04
Ana Teixeira;89953769569;16/02/2007;FILHO
Ricardo Costa;52261546857;11/02/2021;DEPENDENTE

Ursula Pereira;65841999794;06/08/1993;2254.36
Ursula Lima;12177877978;18/05/2010;SOBRINHO
Carlos Lima;28846433182;05/04/2006;DEPENDENTE
Zeca Gomes;74862744740;20/08/2019;SOBRINHO

Marcos Gomes;74169319138;29/03/1962;13591.28
Paula Martins;20689959022;15/03/2016;DEPENDENTE
Eduardo Carvalho;28456173675;30/09/2011;DEPENDENTE
Ricardo Ferreira;23662046013;05/12/2018;FILHO

Kevin Santos;71434508172;12/10/1998;5099.67
Thiago Santos;13215452360;04/10/2006;SOBRINHO
Kevin Martins;88455478627;24/11/2007;FILHO
Ricardo Costa;89953769569;25/11/2020;SOBRINHO
Julia Santos;08805471695;28/11/2022;DEPENDENTE

Otavio Ferreira;17711566342;22/08/1985;8208.56
Igor Teixeira;76066797496;03/04/2010;SOBRINHO
Eduardo Santos;16634403499;08/09/2005;SOBRINHO
Ursula Rodrigues;08680475004;01/09/2020;DEPENDENTE
Fernanda Santos;54249027218;19/06/2009;SOBRINHO

Thiago Souza;30228518745;19/03/1974;4590.39
Fernanda Rodrigues;15298311642;03/12/2006;FILHO

Gabriel Costa;23012704355;23/04/1976;5946.97
Paula Santos;74670222006;03/05/2014;SOBRINHO

Bruno Oliveira;49163859859;16/01/1966;6420.28

Vinicius Santos;16569176651;10/07/1965;6518.18
Zeca Silva;20282079144;19/06/2007;FILHO

Helena Teixeira;95935878075;26/11/1962;3698.09

Thiago Oliveira;65570372732;12/07/1991;4991.43
Thiago Gomes;40265386599;23/11/2019;SOBRINHO
Ana Oliveira;64618809458;11/07/2014;SOBRINHO
Natalia Gomes;79156733395;01/03/2020;FILHO
Fernanda Teixeira;43123689357;10/01/2021;SOBRINHO

Vinicius Ribeiro;22587933006;13/05/1990;5573.34
Paula Gomes;17078659749;07/08/2010;SOBRINHO
Kevin Pereira;17461930456;22/02/2018;SOBRINHO
Eduardo Rodrigues;96540106827;24/03/2008;DEPENDENTE

Thiago Santos;46456390184;30/10/1987;8302.01
Paula Martins;08680475004;08/10/2011;DEPENDENTE
Thiago Alves;17748728926;16/03/2013;DEPENDENTE
Ricardo Santos;54249027218;10/09/2012;SOBRINHO
Ricardo Teixeira;56560991471;18/02/2018;DEPENDENTE

Gabriel Souza;14282489100;24/11/1987;2961.08
Fernanda Oliveira;96540106827;22/08/2009;FILHO
Paula Gomes;56509777021;21/11/2012;FILHO
Helena Gomes;16910099258;14/09/2021;SOBRINHO

Julia Teixeira;37174833869;21/08/1963;7666.75
Julia Souza;46456390184;14/05/2022;DEPENDENTE
Eduardo Oliveira;64618809458;05/08/2009;FILHO
Fernanda Martins;79125913951;16/06/2017;FILHO

Ursula Santos;72769120164;06/09/1992;11159.0
Marcos Alves;84442075978;22/12/2011;SOBRINHO
Yara Ferreira;72704011343;02/03/2017;DEPENDENTE
Helena Teixeira;11738604173;15/05/2023;DEPENDENTE

Natalia Pereira;48750159411;11/09/1973;13638.65
Julia Teixeira;25827113155;12/07/2018;SOBRINHO
Ana Oliveira;99093788323;26/11/2015;FILHO
Helena Souza;72273954453;17/12/2015;FILHO

Otavio Lima;12641408857;12/09/1996;4201.64

Natalia Alves;30610903853;21/04/1965;2592.53
Wagner Ribeiro;38146205393;05/12/2021;DEPENDENTE
Zeca Martins;91346668148;12/09/2011;SOBRINHO
Daniela Rodrigues;65570372732;07/02/2009;FILHO
Helena Rodrigues;37174833869;23/03/2017;FILHO

Ana Pereira;01860914666;09/12/1971;13819.05
Sandra Rodrigues;72763689226;11/04/2005;FILHO
Natalia Alves;70689821762;09/02/2018;SOBRINHO
Igor Ribeiro;20689959022;19/07/2022;DEPENDENTE

Vinicius Silva;33403548826;06/11/1965;11159.92
Bruno Martins;77345437132;27/05/2017;FILHO
Ana Ferreira;46456390184;21/05/2019;SOBRINHO
Fernanda Gomes;02921135275;07/11/2011;SOBRINHO
Larissa Teixeira;92088767404;06/11/2019;FILHO

Igor Ferreira;76135819887;07/07/1967;11940.79

Wagner Rodrigues;38146205393;31/01/1973;12969.82
Natalia Carvalho;16569176651;25/04/2022;DEPENDENTE
Helena Silva;89528316246;14/10/2017;DEPENDENTE
Ricardo Ferreira;17912247888;22/10/2015;SOBRINHO

Yara Gomes;03651700872;20/10/1977;11323.18
Zeca Oliveira;77616359704;07/10/2011;FILHO
Vinicius Pereira;16569176651;21/06/2021;FILHO

Gabriel Ribeiro;27050912152;18/04/1981;9860.13

Gabriel Carvalho;31317902684;01/08/1973;12187.63
Eduardo Martins;16318096781;07/09/2018;FILHO
Julia Ferreira;31030054518;25/08/2014;DEPENDENTE

Julia Santos;23974195141;17/06/1990;8806.81
Helena Carvalho;97552790829;14/06/2016;SOBRINHO

Wagner Carvalho;83955122761;20/03/1966;7510.73
Marcos Alves;83955122761;28/06/2019;DEPENDENTE
Vinicius Carvalho;47373139601;16/03/2010;DEPENDENTE
Gabriel Souza;78380777868;29/08/2008;SOBRINHO
Natalia Alves;02713693808;25/08/2011;FILHO

Gabriel Martins;94497579261;03/12/1997;6182.2
Igor Alves;56509777021;21/07/2011;DEPENDENTE
Bruno Carvalho;42822468039;31/03/2005;SOBRINHO
Zeca Costa;78913542894;22/05/2014;FILHO
Gabriel Carvalho;02220969004;10/10/2012;FILHO

Kevin Lima;95385096053;31/05/1996;2628.07
Daniela Teixeira;73112249307;27/05/2014;FILHO

Bruno Teixeira;73101805778;15/05/1971;6049.5
Sandra Alves;16910099258;14/06/2022;FILHO
Larissa Souza;42822468039;25/02/2012;DEPENDENTE
Helena Alves;57762581535;16/09/2007;FILHO

Sandra Carvalho;54863643223;25/02/1997;11233.79

Daniela Ferreira;71324290298;10/06/1992;6109.85
Paula Alves;83955122761;01/02/2013;DEPENDENTE
Larissa Silva;44408320615;11/03/2011;DEPENDENTE

Larissa Pereira;10960190052;20/06/1989;4547.5
Daniela Costa;71279797444;20/12/2022;SOBRINHO

Igor Alves;14162857641;30/11/1990;2811.0
Vinicius Carvalho;93483940385;20/04/2018;DEPENDENTE
Yara Ribeiro;65841999794;16/12/2023;FILHO

Otavio Santos;94057337437;23/09/1975;9938.59
Kevin Santos;56509777021;11/11/2012;SOBRINHO
Paula Pereira;68685337622;07/07/2013;FILHO

Carlos Teixeira;23012704355;11/05/1960;12316.76
Marcos Oliveira;27841873736;01/03/2005;DEPENDENTE
Larissa Pereira;05310920408;16/05/2013;DEPENDENTE

Paula Alves;67133490978;21/09/1967;11432.0
Marcos Martins;30140249668;15/04/2016;SOBRINHO
Julia Rodrigues;65570372732;30/11/2010;FILHO
Fernanda Gomes;44752965248;29/10/2006;FILHO
Ricardo Ribeiro;53914144467;24/12/2023;DEPENDENTE

Igor Rodrigues;90768132477;09/09/1975;12395.52

Ricardo Souza;67133490978;21/06/1984;13413.02
Helena Teixeira;91346668148;12/02/2018;FILHO
Carlos Ferreira;16910099258;30/08/2016;SOBRINHO
Paula Costa;23012704355;26/09/2021;DEPENDENTE

Igor Silva;89953769569;07/08/1980;8573.71
Vinicius Teixeira;18471573649;31/08/2023;FILHO
Fernanda Gomes;78380777868;22/02/2011;DEPENDENTE

Bruno Rodrigues;89528316246;06/03/1988;6497.47
Ana Carvalho;26644664909;07/08/2005;FILHO

Zeca Teixeira;78239818541;06/06/1962;4679.37
Igor Souza;53914144467;30/06/2016;DEPENDENTE
Eduardo Oliveira;89528316246;11/12/2021;SOBRINHO

Marcos Carvalho;24874937332;25/07/1986;2451.44

Kevin Pereira;91346668148;03/04/1967;12716.84
Marcos Silva;27813131772;24/11/2009;FILHO
Ursula Martins;14410682818;12/12/2011;SOBRINHO
Yara Lima;74862744740;07/04/2014;FILHO

Igor Ferreira;75561892202;19/01/1988;12917.45
Otavio Ferreira;74670222006;21/09/2009;SOBRINHO
Fernanda Ribeiro;78684378658;28/03/2007;DEPENDENTE

Eduardo Ferreira;00735417378;15/02/1985;11348.98
Wagner Souza;23404305434;09/11/2017;SOBRINHO
Helena Pereira;12934040345;03/10/2014;SOBRINHO

Paula Lima;93483940385;18/06/1972;9015.93
Kevin Ribeiro;78470360421;22/11/2016;FILHO

Igor Carvalho;12641408857;09/07/1979;8422.48
Larissa Teixeira;14282489100;20/04/2015;DEPENDENTE
Bruno Pereira;53382020038;14/01/2013;DEPENDENTE
Zeca Lima;54863643223;01/07/2013;SOBRINHO
Larissa Silva;13215452360;21/05/2005;FILHO

Marcos Pereira;41016587744;10/03/1960;4756.75

Gabriel Silva;16910099258;17/06/1967;7456.57
Ricardo Martins;61243246804;24/09/2012;DEPENDENTE

Sandra Ferreira;02921135275;10/12/1988;13656.07

Eduardo Alves;22175096282;28/02/1977;7109.91

Daniela Santos;60932741843;27/05/1986;2266.77
Wagner Martins;90768132477;06/12/2016;FILHO
Yara Pereira;56509777021;24/02/2022;SOBRINHO

Ricardo Silva;09401011189;13/12/1981;14345.97
Igor Santos;79156733395;12/05/2010;SOBRINHO
Helena Souza;08981679352;24/01/2011;DEPENDENTE
Yara Ribeiro;32159479969;19/09/2015;SOBRINHO

Ursula Silva;48741044806;06/08/1970;10152.12
Yara Oliveira;76135819887;15/06/2011;DEPENDENTE
Paula Martins;77292349876;28/07/2006;SOBRINHO

Helena Costa;28426527954;28/08/1982;5538.09
Igor Alves;77547075971;09/12/2010;FILHO

Bruno Alves;56509777021;03/05/1996;13644.36
Ursula Lima;26532049242;29/07/2015;FILHO
Kevin Souza;08981679352;10/12/2007;SOBRINHO
Paula Ribeiro;23278451429;03/01/2015;FILHO

Vinicius Gomes;49973045668;16/10/1973;8507.53
Igor Souza;44591405252;22/03/2020;SOBRINHO
Vinicius Costa;30228518745;26/04/2009;SOBRINHO
Eduardo Carvalho;56560991471;02/06/2006;FILHO
Wagner Ferreira;95676668382;13/05/2023;SOBRINHO

Julia Teixeira;16109540553;13/01/1960;4487.1
Zeca Carvalho;97018035736;02/05/2005;SOBRINHO

Kevin Teixeira;79156733395;17/06/1977;14055.57
Wagner Rodrigues;57595655425;17/12/2018;DEPENDENTE
Paula Alves;74670222006;08/06/2017;DEPENDENTE
Sandra Alves;14162857641;14/11/2017;DEPENDENTE
Marcos Costa;42629921727;13/11/2005;SOBRINHO

Zeca Ferreira;26703362441;08/03/1960;8505.81
Carlos Gomes;76821336020;15/07/2012;SOBRINHO

Zeca Silva;01270465588;26/01/1976;7688.99
Helena Carvalho;47511442602;05/03/2005;SOBRINHO

Otavio Lima;60679226889;06/06/1962;2509.42

Sandra Pereira;28456173675;05/04/1975;10663.93
Bruno Teixeira;30610903853;05/10/2021;SOBRINHO
Thiago Lima;49699524343;08/08/2018;DEPENDENTE
Larissa Costa;64618809458;22/08/2013;FILHO
Carlos Costa;69831412592;22/12/2022;DEPENDENTE

Wagner Pereira;30228518745;28/12/1992;7488.61

Daniela Oliveira;00019027385;05/10/1988;4204.97
Zeca Santos;72769120164;04/04/2018;SOBRINHO

Yara Martins;30140249668;03/05/1967;11688.93
Carlos Santos;33506164789;23/11/2021;DEPENDENTE

Ursula Costa;31519650818;12/09/1974;2054.36
Daniela Ribeiro;49973045668;18/10/2010;DEPENDENTE
Vinicius Souza;47511442602;24/01/2020;DEPENDENTE
Bruno Carvalho;66589133445;22/02/2020;DEPENDENTE
Carlos Ferreira;23617064016;07/03/2021;SOBRINHO

Helena Teixeira;14410682818;11/04/1975;2635.02
Vinicius Gomes;80338270580;30/04/2008;FILHO
Zeca Ribeiro;69831412592;04/07/2020;SOBRINHO
Thiago Carvalho;80659760602;25/11/2006;SOBRINHO

Bruno Martins;78684378658;30/04/1996;13264.92
Ursula Gomes;52261546857;25/11/2005;FILHO
Zeca Santos;95676668382;16/11/2007;FILHO

Ricardo Martins Pereira;74016873720;29/08/1992;12530.83
Carlos Pereira;51914255704;14/05/1994;OUTROS

Pedro Lopes Vieira;96343619356;14/05/1986;7456.32
Luiz Lima;63513142757;02/08/2015;FILHO

Gabriel Souza Soares;55231120545;21/10/2004;4264.61
Luiz Souza;04641305064;02/03/2002;FILHO

Juliana Soares Silva;92157075062;17/02/1963;8624.69
Bruna Ribeiro;70438478428;30/06/1986;OUTROS

José Soares Costa;83669478663;04/10/1963;11391.84
José Alves;73700321678;02/01/1999;FILHO

Marcos Silva Vieira;88859460204;03/02/2004;5238.76
Ricardo Gomes;50351421408;22/04/1989;OUTROS

Ricardo Ribeiro Soares;65291243651;29/09/1980;5564.16
Gabriel Gomes;99942952411;14/09/2013;FILHO

Gabriel Lopes Soares;00087260000;26/06/1990;14447.18
Bruna Ribeiro;75498065000;31/05/2003;FILHO

Juliana Gomes Barbosa;34717457188;26/12/1994;6008.71
Rafael Almeida;34468381396;19/08/1998;FILHO

Larissa Fernandes Rodrigues;13581662930;20/08/1970;5932.6
José Souza;44347094965;03/09/2017;AFILHADO

Ricardo Santos Souza;19511965549;17/01/1988;3828.68
José Alves;35233087804;05/06/2010;AFILHADO

Lucas Pereira Lopes;31357250576;19/05/1969;4868.41
Pedro Barbosa;30655831940;01/01/2005;AFILHADO

Pedro Lima Alves;11064833756;17/07/1968;5272.23
Juliana Vieira;20601796292;10/06/1995;OUTROS

Amanda Ribeiro Costa;57435774634;02/07/1997;7380.78
Bruna Souza;64635265250;31/03/2003;FILHO

Maria Soares Lopes;06991858153;03/08/1964;3038.0
Ana Fernandes;96417953254;18/06/1991;AFILHADO

Ricardo Lopes Carvalho;09513803465;25/01/1996;10554.75
João Rodrigues;50354491814;05/07/1999;OUTROS

Paula Souza Barbosa;75228187960;10/06/1980;14368.83
Maria Lima;04928647050;07/03/2013;OUTROS

Pedro Silva Fernandes;32918163074;21/04/2004;8442.34
Marcos Barbosa;96659509917;01/05/2002;AFILHADO

Pedro Lima Santos;57330766151;21/07/1974;11639.17
Marcos Pereira;95637840903;02/09/1988;OUTROS

Carlos Carvalho Alves;51750944405;13/03/1963;3913.89
João Rodrigues;47728569007;16/07/2003;FILHO

Amanda Lopes Gomes;37527537736;25/10/1973;14650.41
Maria Gomes;22461358346;14/09/1995;AFILHADO

Juliana Pereira Rodrigues;23408526842;14/07/1990;10202.15
Lucas Souza;31713835860;04/12/2005;OUTROS

Rafael Martins Almeida;46854368227;29/10/1964;6968.68
Amanda Oliveira;56095118522;24/02/2015;AFILHADO

Ana Fernandes Santos;40495107743;27/10/1996;8441.56
Pedro Costa;21907843957;08/07/2007;OUTROS

Carlos Souza Gomes;51075305675;04/04/1985;14180.12
Juliana Silva;29157551162;12/05/2015;AFILHADO

Marcos Ribeiro Pereira;13153739552;31/07/1962;3834.49
Lucas Silva;30787381675;15/04/2017;AFILHADO

Beatriz Lopes Lopes;77209420860;11/08/1973;3169.35
Maria Lopes;09972340163;08/01/2003;OUTROS

Rafael Santos Costa;25558636645;26/11/2001;6378.6
Maria Costa;69758470701;26/01/1988;OUTROS

João Barbosa Pereira;33705015974;19/04/1995;3590.52
Amanda Costa;75833057728;09/09/2015;FILHO

Ricardo Lima Pereira;12863380184;13/01/1985;7745.82
José Oliveira;70727399985;04/09/2009;OUTROS

Larissa Almeida Silva;99597540495;01/04/1979;14775.16
Juliana Alves;60627144527;01/07/2000;AFILHADO

Fernanda Gomes Costa;76098831076;18/07/1992;5650.54
Marcos Souza;02955765708;10/08/2011;OUTROS

Juliana Santos Ferreira;80561555893;04/12/1983;10296.5
Marcos Rodrigues;86042960342;16/02/1995;OUTROS

Larissa Rodrigues Vieira;57650545288;05/11/1973;7332.86
Bruna Soares;82324881829;10/09/1995;OUTROS

José Souza Ribeiro;22833717598;14/09/1961;14022.36
José Alves;34020362742;04/03/1999;AFILHADO

Carlos Barbosa Soares;82057394638;11/11/2004;14097.22
Gabriel Vieira;78611721632;12/03/2008;FILHO

Marcos Gomes Pereira;23458930019;27/12/1982;9417.69
Bruna Lima;03039977105;31/07/1992;FILHO

Carlos Soares Alves;58018761973;01/10/1966;3439.71
Luiz Gomes;25641146870;23/10/1994;OUTROS

Lucas Silva Fernandes;40252717538;25/12/1983;6694.73
Ricardo Silva;59884308055;17/11/2003;OUTROS

Luiz Almeida Silva;21011404893;05/01/2003;10498.73
José Souza;29848687068;24/01/2018;FILHO

Rafael Oliveira Rodrigues;50312481578;10/07/1975;12255.3
Luiz Vieira;96953144653;12/08/1997;FILHO

Ricardo Gomes Rodrigues;60541484788;13/04/1998;10718.07
Ricardo Ferreira;00384579035;24/08/2012;OUTROS

Maria Silva Lima;14507041406;12/03/1972;8597.46
João Gomes;73310406857;23/07/2006;OUTROS

Luiz Carvalho Pereira;27654959982;04/01/1965;13356.26
Larissa Vieira;25676640251;26/05/2000;OUTROS

Ricardo Silva Almeida;61887114602;11/11/2000;5076.2
Ricardo Oliveira;34701369470;24/12/1994;AFILHADO

Maria Souza Ferreira;98307271061;31/08/1965;8939.37
José Alves;29814019712;29/06/2018;FILHO

Lucas Ribeiro Carvalho;03899630203;20/08/1985;10063.01
Camila Santos;35086481929;03/07/1992;FILHO

Carlos Santos Santos;96343107614;22/06/1987;3172.46
Camila Santos;98707630573;10/09/2008;OUTROS

Carlos Ferreira Oliveira;83834526320;04/03/1969;9031.07
Carlos Souza;62441881957;22/02/2018;OUTROS

Ana Almeida Lima;73108342592;19/09/1965;12414.23
Amanda Ferreira;11543903657;23/05/1995;OUTROS
